id,lat,lng,unverified,description,author,address,created_at,updated_at
657236,40.746239,-73.991737,FALSE,"Flower market
on 28th Street between 6th and 7th Avenues.
Stores throughout the block. The stores all close by 6pm; regulars check early, but there are still flowers and plants for all until late at night. Now THATs romantic!!!",herbieGB,NA,2013-11-05 08:00:09 UTC,2013-11-05 08:00:09 UTC
657237,40.72982,-73.999596,FALSE,"Peanut Butter and Co.
3rd St. and Sullivan, below Washington Square Park.
Peanut butter and banana sandwiches, whole grain bread, celery and carrot sticks, cups of peanut butter.",herbieGB,NA,2013-11-05 08:00:09 UTC,2013-11-05 08:00:09 UTC
657238,40.802307,-73.967501,FALSE,"The Freegan website calls this uptown Garden of Eden grocery store ""one of the best diving sites in the city."" They have a great deal of leftovers from the hot buffets and premade dinners in addition to the usual produce.",herbieGB,NA,2013-11-05 08:00:09 UTC,2013-11-05 08:00:09 UTC
657239,40.722956,-74.002582,TRUE,"Gourmet Garage. NOTE that this is in reference to when the store was on Broome and Mercer, so may no longer apply:

This is the flagship store, so when you can get at it, its a motherlode. Several giant dumpsters on the Mercer Street side. Rumor has it that these dumpsters are sometimes locked; it is more likely that security or a night manager will yell at you and/or chase you away. Go after 11pm.",herbieGB,NA,2013-11-05 08:00:10 UTC,2013-11-05 08:00:10 UTC
665028,40.717985,-73.989714,FALSE,"BabyCakes (248 Broome St)

You can find tasty cakes and sweets. BabyCakes offers all natural, organic and delicious alternatives free from the common allergens: wheat, gluten, dairy, casein and eggs. Their cakes don't contain white sugar or toxic chemical sweeteners. At Sunday around 18:00 they put out the cakes in back plastic bags right outside the door.",NA,NA,2014-03-06 01:20:02 UTC,2014-03-06 01:20:02 UTC
665029,40.734719,-73.989797,FALSE,"Au Bon Pain (6 Union Square E)

Plenty of bread in diverse forms like ciabatta, whole wheat multigrain bread and baguette can be found in big amounts. On Sunday around 17:00 they throw out bread and pastries left over from the weekend in big amounts which can last for the whole week. When you bring it home put it in the fridge and when you feel like having a sandwich simply put some water on the bread and put it in the oven. It comes out crispy and tasty.",NA,NA,2014-03-06 01:20:03 UTC,2014-03-06 01:20:03 UTC
665430,40.741764,-73.920637,FALSE,"Associated Supermarket -- They throw out a lot of good produce, including bananas.",NA,NA,2014-03-06 01:35:24 UTC,2014-03-06 01:35:24 UTC
665462,40.697549,-73.992763,FALSE,"Gristede's (101 Clark St)

Clear garbage bags out front, best after 9:30pm. Routinely hit or miss, but the hits can be great: dozens of eggs, bags of chocolate chips, cheese.",NA,NA,2014-03-06 01:35:35 UTC,2014-03-06 01:35:35 UTC
665465,40.702948,-73.925468,FALSE,"Associated Supermarket (229 Knickerbocker Ave)

I was there in the late afternoon, and there were several bags out. I found cocunuts, yucca, grapes, carrots, garlic, and other types of produce.",Wendy,NA,2014-03-06 01:35:36 UTC,2014-03-06 01:35:36 UTC
665476,40.73849417,-73.95481147,TRUE,"Pom Distributor (Ash Street just west of Pulaski Bridge)

Continued existence and precise location needs verification. Look for Pom trucks inside parking lot. Dumpster is at the back of the lot. This is the legendary juice dumpster; one freegan.info edito stumbled upon it in June 2012. In the late afternoon of a weekday, the gate was open and the dumpster chock full of everything from pomegranate juice to lemonade to smoothies and lattes. Everything was acceptably cool; no bottles were bloated. Some were way past “pull date”.",NA,NA,2014-03-06 01:35:41 UTC,2014-03-06 02:09:41 UTC
665477,40.729718,-73.959232,TRUE,"Lowell Importers

Continued existence and precise location needs verification. Importer and distributor and Greenpoint Avenue and West Street, southwest corner. Best to visit the two dumpsters on Monday, Tuesday, and Thursday 9pm. Polish cheeses, farmer cheese, sliced sandwich cheese, spreads, yogurts.",NA,NA,2014-03-06 01:35:42 UTC,2014-03-06 01:35:42 UTC
665479,40.697128,-73.958438,FALSE,"Greens & Ackermans Bakery (65 Franklin Ave)

Two overstuffed dumpsters at Franklin between Park and Flushing. Cakes, cupcakes.",NA,NA,2014-03-06 01:35:43 UTC,2014-03-06 01:35:43 UTC
665488,40.718153,-73.958416,FALSE,"Sunac Natural Food (150 N 7th St)

Kind of a health food 7-11. Packaged salads, grapes, and other produce.",NA,NA,2014-03-06 01:35:46 UTC,2014-03-06 01:35:46 UTC
665489,40.713687,-73.951438,FALSE,"Sunac Natural Food (440 Union Ave)

Open 24 hours a day, so it's not for the shy. They put out a mountain of garbage bags every night except Saturday after about 9:30pm.  It's all right on the curb and there's ALWAYS something good. Bags of mushrooms, greens, packaged goods, and even food buckets are often found. Picked up before Midnight. Bring friends 'cause there's a lot!",NA,NA,2014-03-06 01:35:47 UTC,2014-03-06 02:12:15 UTC
665490,40.715366,-73.959718,FALSE,"Foodtown of Williamsburg (159 N 3rd St)

Lots of prepared foods, some produce. In November 2011 we also found lots of unopened beverages, including kambucha.",NA,NA,2014-03-06 01:35:47 UTC,2014-03-06 01:35:47 UTC
665491,40.71583,-73.960021,FALSE,"Duane Reade (250 Bedford Ave)

As of November 2011, lots of  fruit, vegetables, bread, packaged sandwiches, cooked meats and salads. Verifies what we’ve heard from locals and a contributor (Jan 2011).",NA,NA,2014-03-06 01:35:48 UTC,2014-03-06 01:35:48 UTC
665492,40.711973,-73.962823,FALSE,"The Bagel Store (349 Bedford Ave)

They toss bagels, somewhat erratically.",NA,NA,2014-03-06 01:35:48 UTC,2014-03-06 01:35:48 UTC
665493,40.714745,-73.960763,FALSE,"Khim’s Millenium Market (265 Bedford Ave)

At least we think the trash was from there. We found lots of produce and sandwiches, plus canned goods (including, weirdly, Hershey’s syrup).",NA,NA,2014-03-06 01:35:49 UTC,2014-03-06 01:35:49 UTC
665494,40.709241,-73.964171,FALSE,"Southside Food Plaza (428 Bedford Ave)

Kosher supermarket, lots of fruits, vegetables, and snacks.",NA,NA,2014-03-06 01:35:49 UTC,2014-03-06 01:35:49 UTC
665495,40.702993,-73.94465,FALSE,"Food Bazaar (21 Manhattan Ave)

Several large dumpsters in the east corner of the parking lot, the corner farthest away from the store itself. There are gates, but left open. Veggies, herbs, fruit, meats and cheeses, junk food and more. Needs more exploration, but on our midweek trailblaze food was out at 10pm. ",NA,NA,2014-03-06 01:35:49 UTC,2014-03-06 01:35:49 UTC
665496,40.850552,-73.935748,FALSE,"Bravo Supermarket (4261 Broadway)

Good selection of produce, includes some Latin American specialty items.",NA,NA,2014-03-06 01:35:50 UTC,2014-03-06 01:35:50 UTC
665497,40.841383,-73.93985,FALSE,Mike's Bagels (4003 Broadway),NA,NA,2014-03-06 01:35:50 UTC,2014-03-06 01:35:50 UTC
665498,40.807664,-73.964437,FALSE,"Morton Williams (2941 Broadway)

When I've gone the staff have been in the process of throwing stuff out, around 9 or 9:30pm, and they were friendly enough about letting us dive away. It's a very busy corner, and well-lit, so its high-profile dumpster diving, not for the shy.",NA,NA,2014-03-06 01:35:51 UTC,2014-03-06 01:35:51 UTC
665499,40.803937,-73.966643,FALSE,"D'Agostino (2828 Broadway)

I'm not sure what the best time is, but I think 9-9:30pm is when I've had good luck there.

Closed permanently in April 2016",NA,NA,2014-03-06 01:35:51 UTC,2016-07-29 00:13:24 UTC
665500,40.80249,-73.967517,FALSE,"Absolute Bagels (2788 Broadway)

The usual bagel abundance, plenty fresh.",NA,NA,2014-03-06 01:35:51 UTC,2014-03-06 01:35:51 UTC
665501,40.802402,-73.967554,FALSE,"Garden of Eden (2780 Broadway)

One of the best diving sites in the city. Super high end fresh produce in huge plastic barrels, bags of fresh-made packaged entrees, loose buffet bar food, lots more. Enormous volume. Lots of exotic produce. You'll find stuff there from 9:30 or 10pm on.",NA,NA,2014-03-06 01:35:52 UTC,2014-03-06 01:35:52 UTC
665502,40.800518,-73.967722,FALSE,"Silver Moon Bakery (2740 Broadway)

We found meat and cheese sandwiches as well as bread.",NA,NA,2014-03-06 01:35:52 UTC,2014-03-06 01:35:52 UTC
665503,40.789534,-73.97579,FALSE,"Hot & Crusty (2393 Broadway)

All the bready stuff - muffins, pizza slices, rolls, croissants, etc. We had more luck with the store in the 80s.",NA,NA,2014-03-06 01:35:53 UTC,2014-03-06 01:35:53 UTC
665504,40.799244,-73.968217,FALSE,"Gristede's (2700 Broadway)

Normal supermarket stuff, although we didn't find much produce. Lots of eggs and bread though.",NA,NA,2014-03-06 01:35:53 UTC,2014-03-06 01:35:53 UTC
665505,40.796472,-73.970742,FALSE,"Health Nuts (2611 Broadway)

We found mostly prepared foods, some vegetarian and vegan, some not.",NA,NA,2014-03-06 01:35:53 UTC,2014-03-06 01:35:53 UTC
665506,40.790411,-73.97515,FALSE,"Gary Null's Uptown Whole Foods (2421 Broadway)

Produce, pretty much. Food is out by 10:30 pm, perhaps earlier.",NA,NA,2014-03-06 01:35:54 UTC,2014-03-06 01:35:54 UTC
665507,40.791347,-73.974509,FALSE,"Barzini's (2451 Broadway)

Lots of good produce.",NA,NA,2014-03-06 01:35:54 UTC,2014-03-06 01:35:54 UTC
665509,40.784768,-73.979683,TRUE,"Zabar's and Company Inc (2245 Broadway)

Would seem like a sure bet, but we haven’t seen anything here yet. If anyone does, please update this info.",NA,NA,2014-03-06 01:35:55 UTC,2014-03-06 01:35:55 UTC
665510,40.780538,-73.98179,TRUE,"Fairway Market (2127 Broadway)

Would seem like a sure bet, but we haven’t seen anything here yet. If anyone does, please update this info.",NA,NA,2014-03-06 01:35:55 UTC,2014-03-06 01:35:55 UTC
665511,40.775206,-73.988008,FALSE,"Gracefully

On a first run (October 2012), we found cheese packs, individual drinks, hotdogs, sushi, packaged and unpackaged produce, and more. Worth further exploration.",NA,NA,2014-03-06 01:35:55 UTC,2014-03-06 01:35:55 UTC
665512,40.773708,-73.989494,FALSE,"Western Beef (75 West End Ave)

Dumpster is against the building on 62nd. On a first run (October 2012), plentiful packaged and unpackaged produce, some non-perishables (like crackers). Worth further exploration.",NA,NA,2014-03-06 01:35:56 UTC,2014-03-06 01:35:56 UTC
665513,40.783132,-73.953046,FALSE,"Dunkin' Donuts (1392 Lexington Ave)

Reliable source of high-fat, low nutrition calories.",NA,NA,2014-03-06 01:35:56 UTC,2014-03-06 01:35:56 UTC
665514,40.777174,-73.949683,FALSE,"Dunkin' Donuts (355 E 86th St #2)

Reliable source of high-fat, low nutrition calories.",NA,NA,2014-03-06 01:35:57 UTC,2014-03-06 01:35:57 UTC
665515,40.781887,-73.949007,FALSE,"Key Food (1769 2nd Ave, in Rupert Towers)

On our first foray, we found only some shrink-wrapped produce, plus local street people hanging out seemed hungry. If folks find more another time, please uplade this info.",NA,NA,2014-03-06 01:35:57 UTC,2014-03-06 01:35:57 UTC
665516,40.779526,-73.945435,FALSE,"Eli's Bread at The Vinegar Factory (431 E 91st Street)

Continuously throwing away recycling dumpsters full of bread every day.",NA,NA,2014-03-06 01:35:57 UTC,2014-03-06 01:35:57 UTC
665517,40.783192,-73.957126,FALSE,"Patak's

Gourmet deli on Madison Avenue between 89th and 90th Street. Location on map is approximate. Lots of black bags, but comparatively little good food. Some pre-made sandwiches and bread.",NA,NA,2014-03-06 01:35:58 UTC,2014-03-06 01:35:58 UTC
665518,40.781541,-73.953929,FALSE,"Gristede's (1343 Lexington Ave)

Dairy and eggs galore, a little not-so-great quality produce.",NA,NA,2014-03-06 01:35:58 UTC,2014-03-06 01:35:58 UTC
665519,40.779115,-73.948138,FALSE,"C-Town (1721 1st Ave)

Accessible supermarket food (produce, dairy, etc), athough on 1/2/12 we found very little that was useable.",NA,NA,2014-03-06 01:35:59 UTC,2014-03-06 01:35:59 UTC
665520,40.778194,-73.948795,FALSE,"Elm Health (1695 1st Ave)

Deserves more checking; let us know what you find. On a trailblaze in 2011 we found a huge amount of organic packaged goods - but we could have stumbled upon a once-a-quarter shelf emptying. When we came back in early 2012, there was loads of yogurt, including soy and almond milk varieties, but every container had had a hole cut in it and the bags were a complete mess.",NA,NA,2014-03-06 01:35:59 UTC,2014-03-06 01:35:59 UTC
665521,40.776122,-73.946765,FALSE,"Bagel Bob’s (1638 York Ave)

Like all Bagel Bob’s, no shortage of bagels of all varieties. Alex was thankful there were no onion bagels stinking up the bag.",NA,NA,2014-03-06 01:35:59 UTC,2014-03-06 01:35:59 UTC
665522,40.777473,-73.950397,FALSE,"Tal Bagels (333 E 86th St #1)

Here you will find…bagels!",NA,NA,2014-03-06 01:36:00 UTC,2014-03-06 01:36:00 UTC
665523,40.777085,-73.950179,FALSE,"Gristede's (350 E 86th St)

Usual supermarket assortment of average quality produce, packaged goods, dairy, baked goods. As of last check (January 2013) we found a lot of the usual supermarket finds.",NA,NA,2014-03-06 01:36:00 UTC,2014-03-06 01:36:00 UTC
665524,40.777049,-73.949018,FALSE,"Duane Reade (Northeast corner of 86th Street and 1st Ave)

At last check of this location (Jan 2013) we found a bunch of candy, pudding, babyfood and other odds and ends.",NA,NA,2014-03-06 01:36:00 UTC,2014-03-06 01:36:00 UTC
665525,40.775035,-73.956591,FALSE,"Eli's Food Market (1411 3rd Ave)

Most of their trash goes through a compressor, but on our first dive we found about five bags of uncompressed food including yogurt, almonds and butter.",NA,NA,2014-03-06 01:36:01 UTC,2014-03-06 01:36:01 UTC
665526,40.770843,-73.956646,FALSE,"Gristede's (1446 2nd Ave)

Huge piles of bags on blindingly lit stretch of 2nd Avenue - not for the shy. Similar to what's found at Gristede's in other parts of town, including produce, bread, dairy and more. ",NA,NA,2014-03-06 01:36:01 UTC,2014-03-06 01:36:01 UTC
665527,40.7675,-73.956402,FALSE,"Food Emporium (1331 1st Ave)

We’ve checked this one twice recently (Nov 2010). First time, produce (some of which packaged), some past-date staples. It was on a high trolley that we unpacked and needed to re-pack. Second time, Cindy’s comments: ""INSANE amounts of trash - 4 or 5 of those small dumpsters, all piled over head-high. Tons of bread, still frozen foods, sweets, produce, and more, and I only got through one or two dumpsters.""",NA,NA,2014-03-06 01:36:02 UTC,2014-03-06 01:36:02 UTC
665528,40.769076,-73.960832,FALSE,"Grace's Marketplace (201 E 71st)

This is a large gourmet supermarket with wonderful and copious food thrown out. When the trailblaze team visited in September 2006, there were citrus fruits (grapefruit and oranges). A great deal of good corn on the cob, plenty of good bread and good bagels. And there were cute little pineapples, the size of a baseball.",NA,NA,2014-03-06 01:36:02 UTC,2014-03-06 01:36:02 UTC
665530,40.763548,-73.961359,FALSE,"Gourmet Garage (301 E 64th St)

At other locations in the city, this retailer has been locking its dumpsters or has “disappeared” them from the street. However, as of April 2010 we have reports that good food is accessible in the morning. A contributor writes: ""I pass at 8:00am on weekdays. Two days in a row there has been a clear bag with rolls/bread, and varying packages of ready made salads (some with chicken added, etc). The expiration date is of the day before."" This is a ""mini"" Gourmet Garbage; in several passes in 2012, Freegan.info members haven’t found anything in the evening, although morning may still be fine.",NA,NA,2014-03-06 01:36:03 UTC,2014-03-06 01:36:03 UTC
665531,40.768909,-73.985282,FALSE,"Morton Williams (917 9th Ave)

Produce, bagels, bread, sweets, packaged goods, clean packaged sandwiches. On the messy side, but on a pretty quiet street, so a good place for the shy. In October 2012 we found a bunch of produce and bread, some dairy products and a whole heap of cookies.",NA,NA,2014-03-06 01:36:03 UTC,2014-03-06 01:36:03 UTC
665532,40.767659,-73.989881,FALSE,"Dunkin' Donuts (815 10th Ave)

May vary. In October 2012, no donuts were out, but there was a lot of pumpkin donut mix.  ",NA,NA,2014-03-06 01:36:04 UTC,2014-03-06 01:36:04 UTC
665533,40.764814,-73.98469,FALSE,"Gristede's (8th Avenue and 54th Street)

Lots  of produce, bread, eggs, and packaged goods here. In the past employees got a bit angry with us, but didn’t try to stop us. (Updated October 2012)",NA,NA,2014-03-06 01:36:04 UTC,2014-03-06 01:36:04 UTC
665534,40.764346,-73.984861,FALSE,"Bagel Stix (891 8th Ave)

Bagels plus breakfasty muffins.",NA,NA,2014-03-06 01:36:04 UTC,2014-03-06 01:36:04 UTC
665536,40.761552,-73.986072,FALSE,"Food Emporium (810 8th Ave)

Loads of stuff. We found veggies, tofu, bread, dairy, nuts and seeds. It’s a bit overwhelming here, as there is a lot of stuff. (Updated January 2010)  ",NA,NA,2014-03-06 01:36:05 UTC,2014-03-06 01:36:05 UTC
665537,40.76209,-73.990241,FALSE,"Dunkin' Donuts (693 9th Ave #1)

Typical DD fare! (Updated January 2010)",NA,NA,2014-03-06 01:36:05 UTC,2014-03-06 01:36:05 UTC
665538,40.754716,-73.983353,FALSE,"Hale & Hearty Soups (49 W 42nd St)

Bread, salads.  ",NA,NA,2014-03-06 01:36:06 UTC,2014-03-06 01:36:06 UTC
665539,40.754148,-73.981856,FALSE,"Pret à Manger (11 W 42nd St)

Loaves of bread and organic packaged salads and sandwiches. As of September 2009, a former employee says they donate all their leftovers. Experienced divers know many stores make this claim; however, the pickings have been slim for a while.",NA,NA,2014-03-06 01:36:06 UTC,2014-03-06 01:36:06 UTC
665540,40.760728,-73.98214,FALSE,"Pret à Manger (135 W 50th St)

Loaves of bread and organic packaged salads and sandwiches.",NA,NA,2014-03-06 01:36:07 UTC,2014-03-06 01:36:07 UTC
665541,40.756726,-73.988157,FALSE,"Pax Wholesome Foods (225 W 42nd St)

Wrap sandwiches, pizza, baked goods. Fairly narrow time window‚ stuff goes out late and is picked up by 1:30 AM or so. ",NA,NA,2014-03-06 01:36:07 UTC,2014-03-06 01:36:07 UTC
665542,40.753422,-73.984903,FALSE,"Pax Wholesome Foods (80 W 40th St #1)

Bagels, rolls, variety of other stuff. Less consistent than other Pax stores.  ",NA,NA,2014-03-06 01:36:08 UTC,2014-03-06 01:36:08 UTC
665544,40.750637,-73.986974,FALSE,"Pax Wholesome Foods (1350 Broadway)

LOTS of really expensive sandwiches, especially wraps. Muffins, bagels. Very popular, so sometimes stuff is gone by the time you get there.  ",NA,NA,2014-03-06 01:36:08 UTC,2014-03-06 01:36:08 UTC
665545,40.751895,-73.990217,FALSE,"Hale & Hearty Soup (462 7th Avenue)

Entire bag of cut romaine lettuce, prepacked mixed salads in plastic sealed bowls. Soup veggies and beans sometimes.  ",NA,NA,2014-03-06 01:36:09 UTC,2014-03-06 01:36:09 UTC
665546,40.757974,-73.963374,FALSE,"D’Agostino (1031 1st Ave)

Bread and good produce in large quantities. In 2011/12 we found plenty of produce plus pies, eggs, soy protein things. Previous finds include fancy items like organic drink mix and olive oil. There are regular neighborhood divers so please share.",NA,NA,2014-03-06 01:36:09 UTC,2014-03-06 01:36:09 UTC
665547,40.757661,-73.963225,FALSE,"Dunkin' Donuts (1024 1st Ave)

The normal DD stuff. Bags are put out on 1st Ave side by the city trash can.  ",NA,NA,2014-03-06 01:36:09 UTC,2014-03-06 01:36:09 UTC
665548,40.76129,-73.972311,FALSE,"Così (60 E 56th St)

We found focaccia bread and fresh unbaked dough, but kind of a “2nd choice” location.",NA,NA,2014-03-06 01:36:10 UTC,2014-03-06 01:36:10 UTC
665549,40.756239,-73.964615,FALSE,"Tal Bagels (977 1st Ave)

Very fresh bagels, not mixed with trash.  ",NA,NA,2014-03-06 01:36:10 UTC,2014-03-06 01:36:10 UTC
665551,40.755804,-73.964522,FALSE,"D’Agostino (966 1st Ave)

Massive amounts of produce in a several mini-dumpsters on the sidewalk.  ",NA,NA,2014-03-06 01:36:11 UTC,2014-03-06 01:36:11 UTC
665552,40.755704,-73.968215,TRUE,"Food Emporium (969 2nd Ave)

We haven’t been there yet – probably fine!  ",NA,NA,2014-03-06 01:36:12 UTC,2014-03-06 01:36:12 UTC
665553,40.754745,-73.968804,FALSE,"Pain Quotidien (937 2nd Ave)

Huge rounds of crusty whole grain sourdough bread that stay moist inside for many days after being tossed. Even on days when the whole loaves aren’t there, you’ll find quarter and half loaves and/or sliced bread. Also some baguettes, croissants, muffins. See their store listings and let us know what you find at other locations.  ",NA,NA,2014-03-06 01:36:12 UTC,2014-03-06 01:36:12 UTC
665554,40.753111,-73.980247,TRUE,"Café Europa

Pizza, salads, sandwiches. Note: No such business could be found on ""42nd Street between 5th and Madison"", so maybe refers instead to one of the other cafés on the block? ",NA,NA,2014-03-06 01:36:12 UTC,2014-03-06 01:36:12 UTC
665555,40.765698,-73.983825,FALSE,"The Bread Factory Cafe (935 8th Ave)

Bagels galore...",NA,NA,2014-03-06 01:36:13 UTC,2014-03-06 01:36:13 UTC
665556,40.75895,-73.992043,FALSE,"The Bread Factory Cafe (600 9th Ave)

Pies (big ones) and pizza slices, unwrapped, messy.",NA,NA,2014-03-06 01:36:13 UTC,2014-03-06 01:36:13 UTC
665557,40.757358,-73.993631,FALSE,"International Grocery (543 9th Ave)

Worth checking if you're blowing through the Port Authority bus terminal. We found Kabul brand flatbread and some produce, but not a lot. We didn’t find anything of note here on a Monday night in January 2010.",NA,NA,2014-03-06 01:36:13 UTC,2014-03-06 01:36:13 UTC
665558,40.764236,-73.987041,FALSE,"Stiles Farmers Market (352 W 52nd St)

This is a semi-open-air produce market. The night we went their dumpster didn't yield a lot of usable produce, but if you're in the area it's worth a look. (Updated January 2010)",NA,NA,2014-03-06 01:36:14 UTC,2014-03-06 01:36:14 UTC
665559,40.748423,-73.976352,FALSE,"D'Agostino's (578 3rd Ave)

Trash right outside the stores. Lots of produce, much of it very high quality; puts out lots of excellent bread. Tends to have a very short window between putting out and having their private trash carrier pick up; arrive by 9pm for best results. As of late 2011 this area became something of a “dumpster desert”, with both D’Ag supermarkets switching to putting trash out in the morning. ",NA,NA,2014-03-06 01:36:14 UTC,2014-03-06 01:36:14 UTC
665560,40.744508,-73.979547,FALSE,"Gristede's (460 3rd Ave)

Quite a lot of packaged, precooked food, including deli cheeses and meats, in a series of trash cans on the 32nd Street side. Easy location to sort through without being harassed. Well known to neighborhood regulars. Started locking up trash in the spring of 2011. ",NA,NA,2014-03-06 01:36:15 UTC,2014-03-06 01:36:15 UTC
665561,40.750858,-73.976489,TRUE,"Zaro's Bread Basket (Grand Central Terminal)

Location on map approximate (originally noted to be at ""370 Lexington Ave""). Friday evenings starting at 6:30 or so, bags and bags and BAGS of bread and bagels are put out. In addition, more bags of raw bread/bagel dough (shaped and portioned already) are also put out... take it home, pop it in the oven for 10-15 minutes at 350 degrees, and voila - freshly baked breads (and really good!!). Doesn't get much more freshly made than that. Haven't tried other days and times - honestly, we get enough on one visit on Fridays that there's no need to go back. And we take maybe 1/20th of what's there, so there's plenty to go around.",NA,NA,2014-03-06 01:36:15 UTC,2014-03-06 01:36:15 UTC
665562,40.753278,-73.984564,FALSE,"Le Pain Quotidien (70 W 40th St)

Throws out even on Saturdays (and also Sundays), starting early, around 7:00 or 7:30, with the usual delectable pastries and huge breads and good breadsticks and sliced bread too…. abundant!  ",NA,NA,2014-03-06 01:36:16 UTC,2014-03-06 01:36:16 UTC
665563,40.747881,-73.976333,FALSE,"Daniel’s Bagels (569 3rd Ave)

What else? Bagels!",NA,NA,2014-03-06 01:36:16 UTC,2014-03-06 01:36:16 UTC
665564,40.74783,-73.976378,FALSE,"Dunkin' Donuts (567 3rd Ave)

Enuff donuts to stuff a kop, plus they have…bagels!  ",NA,NA,2014-03-06 01:36:16 UTC,2014-03-06 01:36:16 UTC
665567,40.74771,-73.992778,FALSE,"Guy and Gallard (339 7th Ave)

Dumpster is on 29th Street side. Bagels, bread, salads, fruit salads, sandwiches, prepared gourmet meal thingees, fresh squeezed juice, yogurt and granola, etc. Kind of have to really reach in the bags to find good stuff sometimes, but there's lots of it.",NA,NA,2014-03-06 01:36:18 UTC,2014-03-06 01:36:18 UTC
665569,40.744018,-73.99177,FALSE,"CVS & Starbucks (750 6th Ave)

Both stores throw out massive bags of sandwiches and salads, about 1x per week. (Updated October 2011) ",NA,NA,2014-03-06 01:36:19 UTC,2014-03-06 01:36:19 UTC
665570,40.747909,-73.997727,FALSE,"Gristede's (307 W 26th St)

Recessed dumpster is on 26th between 8th and 9th Avenues. A New York City megawaster is up to its usual tricks in Chelsea. The usual assortment of produce, dairy and eggs, bread and prepared foods. On the night freegan.info scouted, location had usable food but the dumpster was in messy condition.",NA,NA,2014-03-06 01:36:19 UTC,2014-03-06 01:36:19 UTC
665571,40.747144,-74.00112,FALSE,"Gristede's (225 9th Ave)

A worker said we ""couldn't go through the garbage"", but we did anyway and found produce and boxes of cereal.",NA,NA,2014-03-06 01:36:19 UTC,2014-03-06 01:36:19 UTC
665572,40.74434,-73.999392,FALSE,"Gristede's (221 8th Ave)

The ""Megastore"". On the night freegan.info scouted, location had usable food, although the dumpster was in messy condition.",NA,NA,2014-03-06 01:36:20 UTC,2014-03-06 01:36:20 UTC
665573,40.744796,-73.998667,FALSE,"Murray's Bagels (249 8th Ave)

Clean bagels, no muss no fuss.",NA,NA,2014-03-06 01:36:20 UTC,2014-03-06 01:36:20 UTC
665574,40.743733,-73.995144,FALSE,"Garden of Eden (162 W 23rd St)

Yupscale NYC based chain that specializes in produce, prepared foods and luxury products. ",NA,NA,2014-03-06 01:36:21 UTC,2014-03-06 01:36:21 UTC
665575,40.741457,-74.001509,FALSE,"Duane Reade (131 8th Ave)

This new store was reported to us in March 2010 as having “TONS of fabulous food… Gourmet salads, breads, sandwiches and much much more. It’s all packaged, sealed and with today’s expiration date. It’s a brand new store that few people know about yet so there’s a TON of food to go around.” We were there in August 2011 and yes, there was some stuff but don’t expect miracles.",NA,NA,2014-03-06 01:36:21 UTC,2014-03-06 01:36:21 UTC
665576,40.740817,-73.998247,FALSE,"Le Pain Quotidien (124 7th Ave)

Huge rounds of crusty whole grain sourdough bread that stay moist inside for many days after being tossed. Even on days when the whole loaves aren’t there, you’ll find quarter and half loaves. Also some baguettes, croissants, muffins. Sometimes the stuff at these stores is in bags that had been held for City Harvest - folks there confirm that if their bags are on the sidewalk with the trash, which they shouldn’t be of course, then City Harvest is definitely NOT picking up the food. ",NA,NA,2014-03-06 01:36:21 UTC,2014-03-06 01:36:21 UTC
665577,40.741219,-74.004989,FALSE,"Le Pain Quotidien (52 9th Ave)

Huge rounds of crusty whole grain sourdough bread that stay moist inside for many days after being tossed. Even on days when the whole loaves aren’t there, you’ll find quarter and half loaves. Also some baguettes, croissants, muffins. In July 2011, I found what looked like an unbaked round but turned out to be an entire chocolate mousse cake. Sometimes the stuff at these stores is in bags that had been held for City Harvest - folks there confirm that if their bags are on the sidewalk with the trash, which they shouldn’t be of course, then City Harvest is definitely NOT picking up the food.",NA,NA,2014-03-06 01:36:22 UTC,2014-03-06 01:36:22 UTC
665578,40.742982,-74.00635,FALSE,"Manhattan Fruit Exchange (448 W 16th St)

Not for the shy, or for big groups. You need to climb onto the loading dock and root through big dumpsters, but the quantity and quality at this wholesaler make it worthwhile. Workers there are pretty friendly and tolerant, but huge trucks are coming in and out; if you are in the way you will  be asked to leave.",NA,NA,2014-03-06 01:36:23 UTC,2014-03-06 01:36:23 UTC
665579,40.742963,-74.005819,FALSE,"Western Beef (431 W 16th St)

A reader wrote us, “I got 6 bags of perfectly good rotisserie chicken and friend chicken in the trash.” We were there in August 2011 and found some stuff, mainly dairy and veggies. Messy, in mid-size dumpsters.  ",NA,NA,2014-03-06 01:36:23 UTC,2014-03-06 01:36:23 UTC
665580,40.739616,-74.001882,FALSE,"Associated Supermarket (255 W 14th St)

Produce and more.",NA,NA,2014-03-06 01:36:23 UTC,2014-03-06 01:36:23 UTC
665581,40.739702,-73.989439,FALSE,"Zaro's Bakery (920 Broadway)

EDIT: PERMANENTLY CLOSED

Dumpsters are on the south side of 21st St just east of Broadway. Tip came in from a worker there: ""Every night, a huge load of bread and pastries from that morning are discarded. Last night, I put out two bags of bread so heavy I could hardly lift them. I try to put the bags of clean food on the right or left side of the dumpsters rather than IN them."" It's worth checking other Zaro's locations as well, including Penn Station and Grand Central.",NA,NA,2014-03-06 01:36:24 UTC,2016-10-26 04:43:17 UTC
665582,40.739496,-73.987119,FALSE,"Morton Williams Supermarket (278 Park Ave)

Mainly produce.",NA,NA,2014-03-06 01:36:24 UTC,2014-03-06 01:36:24 UTC
665583,40.734592,-73.986422,FALSE,"Natural Green Market (162 3rd Ave)

Health food store. Closes at 10:30pm, collects after 12:30am.",NA,NA,2014-03-06 01:36:25 UTC,2014-03-06 01:36:25 UTC
665584,40.737165,-73.984546,FALSE,Gramercy Bagel (246 3rd Ave),NA,NA,2014-03-06 01:36:25 UTC,2014-03-06 01:36:25 UTC
665585,40.732478,-73.981923,FALSE,David's Bagels (273 1st Ave),NA,NA,2014-03-06 01:36:25 UTC,2014-03-06 01:36:25 UTC
665587,40.734382,-73.991668,FALSE,"Whole Foods (4 Union Square E #4)

Dumpsters are in the back of store on the north side of 13th St between University and Broadway. A sneaky one and has sometimes been hostile to dumpster divers. In the post-Occupy era, the compost has been moved much deeper into the indoor loading bays, so much harder to get to without being noticed or confronted.  Their stuff is in compost-type bins. Mainly it’s fruits and vegetables, sometimes in remarkable quantity and excellent condition; they also dump flowers and bread in these bins.",NA,NA,2014-03-06 01:36:26 UTC,2014-03-06 01:36:26 UTC
665588,40.733399,-73.987878,FALSE,"Trader Joe's (142 E 14th St)

A very clandestine waster, you need to be discrete and fast to get this one. They put stuff out on rolling carts all day long, in front of their loading bay closer to 3rd Ave but also in front of their liquor outlet further west. If you're there more than 5 minutes they send some poor employee out to say ""I'm moving this cart indoors"". One employee says to come at exactly 10pm, everyone's too busy with closing to worry about moving the garbage back indoors. So why bother? Because when it's good it's really good -- think mountains of citrus, nut butters, tofu products, cookies and cereals in perfect condition, cases of prepared foods with one container damaged; one time a 10-pound bar of dark chocolate in pristine condition. Some divers advocate a ""grab-n-go"" approach to the bags -- anything heavy is worth taking to sort thru elsewhere.",NA,NA,2014-03-06 01:36:27 UTC,2014-03-06 01:36:27 UTC
665589,40.735844,-73.993005,FALSE,"Garden of Eden (7 E 14th St)

What a mess, all piled into mini-dumpsters. In addition to their bags, in the dumpsters and outside when they overflow, sometimes yielding raw meat and fish (think pet food!), check the large rolling garbage containers, which hold all the deli hot food (a specialty of this chain; may contain cooked chickens) as well as salad bar and other produce.",NA,NA,2014-03-06 01:36:27 UTC,2014-03-06 01:36:27 UTC
665590,40.737111,-73.990097,FALSE,"Petco (860 Broadway)

Lots of companion animal food.

Keep in mind that carnivorous companions generally love the meat and fish ""unfit for human consumption"" that all the supermarkets throw out. With a little care, don't take animal products that are not quite cold or quite hot; wash everything in cold water and wrap in clean packaging; freeze what you can't use right way; always cook before you serve it and your companions need never eat overprocessed byproduct kibble again.",NA,NA,2014-03-06 01:36:27 UTC,2014-03-06 01:36:27 UTC
665591,40.738515,-73.999969,TRUE,"Bagels & More (200 W 14th St)

Original source referred to the ""Bagelry (14th Street and 7th Ave)"" but no such store could be found. Bagels & More marked instead pending verification. Puts out more bagels than Bagel Bob's, and sometimes Krispy Kreme donuts or salads as well.",NA,NA,2014-03-06 01:36:28 UTC,2014-03-06 01:36:28 UTC
665592,40.733812,-73.999246,FALSE,"LifeThyme Natural Market (410 6th Ave)

Large health food store. Closes at 10pm. Not the most wasteful in the neighborhood, but still, they toss some decent stuff. Their black bags sometimes yield packs of nuts, vegan baked goods, dried fruit, small amounts of produce, lots of patches of cut live wheatgrass. For the intrepid, dig into the hot food bags - they empty loads of cooked organic food every night, all mixed together in big messy bags. They used to let folks take the hot food before they dumped it, but no more, sad to say.",NA,NA,2014-03-06 01:36:28 UTC,2014-03-06 01:36:28 UTC
665593,40.734401,-73.998814,FALSE,"Citarella (424 6th Ave)

Conspicuous upscale market For years it was impossible to find the trash. Lately (spring 2012) they’re putting out mountains of plastic bags, like their less chichi competitors. Found gorgeous greens, clean and in bags by themselves, plus assorted produce in mixed mess. There were also lots of stripped fish carcasses - stew for the intrepid pescovore.",NA,NA,2014-03-06 01:36:29 UTC,2014-03-06 01:36:29 UTC
665594,40.732666,-74.002733,FALSE,"Gristede's (3 Sheridan Square)
The trash is around the corner from the market itself, next to a parking garage, across from One if By Land (fancy restaurant) and west of the trash for the apartment building. Lotsa stuff, not often seriously dived.",NA,NA,2014-03-06 01:36:29 UTC,2014-03-06 01:36:29 UTC
665595,40.732369,-73.996481,FALSE,"Le Pain Quotidien (10 5th Ave)

Huge rounds of crusty whole grain sourdough bread, stays moist inside for many days after being tossed. Even on days when the whole loaves aren’t there, you’ll find quarter and half loaves. Also some baguettes and occasionally sweets - muffins, croissants, scones, pain chocolat.",NA,NA,2014-03-06 01:36:29 UTC,2014-03-06 01:36:29 UTC
665596,40.738513,-74.001511,FALSE,"Integral Yoga Natural Foods (229 W 13th St)

Small health food store; no produce.",NA,NA,2014-03-06 01:36:30 UTC,2014-03-06 01:36:30 UTC
665597,40.729879,-73.999635,FALSE,"Peanut Butter and Co. (240 Sullivan St)

Peanut butter and banana sandwiches, whole grain bread, celery and carrot sticks, cups of peanut butter.",NA,NA,2014-03-06 01:36:30 UTC,2014-03-06 01:36:30 UTC
665598,40.729465,-74.005148,TRUE,"Produce market (large, I forget the name) at Carmine and Varick Streets (location on map is approximate). Several cartons of very good produce.",NA,NA,2014-03-06 01:36:30 UTC,2016-12-04 01:00:17 UTC
665599,40.732415,-73.993941,FALSE,"Bagel Bob's (51 University Pl)

An East Village freegan legend; out of the many bags of plain old trash, feel for the one to three bags that contains obvious bagel and bialy shapes. Huge bags of bagels, mini bagels, bagel bits (sort of like Munchkins, but bagels), cinnamon buns, struedels, and bialys not intermingled with other food and garbage. Very popular. Don't bother on Mondays.",NA,NA,2014-03-06 01:36:31 UTC,2014-03-06 01:36:31 UTC
665600,40.731727,-73.994493,FALSE,"Gristede's (25 University Pl)
TONS of eggs, cheese, packaged goods, bread and some produce. They throw out lots of food regularly, really worth a look.",NA,NA,2014-03-06 01:36:31 UTC,2017-01-05 08:32:11 UTC
665601,40.7309,-73.993451,FALSE,"Au Bon Pain (58 E 8th St)

Bread and pastry chain. This one tosses lots of pastries when it closes around 11:30 pm. Also, bagels, rolls, breadsticks, etc.  ",NA,NA,2014-03-06 01:36:32 UTC,2014-03-06 01:36:32 UTC
665602,40.728207,-73.995413,FALSE,"Gristede's (246 Mercer St)

Lots of fruit and other produce. Bread, hummus, other packaged foods.",NA,NA,2014-03-06 01:36:32 UTC,2014-03-06 01:36:32 UTC
665603,40.726236,-73.995201,FALSE,"Le Pain Quotidien (65 Bleecker St)

Huge rounds of crusty whole grain sourdough bread that stay moist inside for many days after being tossed. Even on days when the whole loaves aren’t there, you’ll find quarter and half loaves and/or sliced bread. Also some baguettes, croissants, muffins. See their store listings and let us know what you find at other locations.  ",NA,NA,2014-03-06 01:36:32 UTC,2014-03-06 01:36:32 UTC
665604,40.764129,-73.958864,FALSE,"Dunkin' Donuts (1225 1st Ave)

Not a particularly fruitful location of this serial waster.",NA,NA,2014-03-06 01:36:33 UTC,2014-03-06 01:36:33 UTC
665605,40.728993,-73.984465,FALSE,"Commodities Natural Market (165 1st Ave)

This health food store has had small but good finds recently (January 2013), including produce, juice, and packaged vegan salads.",NA,NA,2014-03-06 01:36:33 UTC,2014-03-06 01:36:33 UTC
665606,40.729098,-73.983999,FALSE,"De Robertis Pasticceria & Caffe (176 1st Ave)

Small amount of baked goods.  ",NA,NA,2014-03-06 01:36:33 UTC,2014-03-06 01:36:33 UTC
665607,40.728034,-73.984764,FALSE,"Lime Tree Market (148 1st Ave)

Fruit and vegetable store.",NA,NA,2014-03-06 01:36:34 UTC,2014-03-06 01:36:34 UTC
665608,40.725763,-73.988682,TRUE,"Healthfully Organic Market (98 E 4th St)

Small health food store. We used to find some produce and such here, but at last check (January 2013), we saw no trash at 10:30pm on a Monday.",NA,NA,2014-03-06 01:36:34 UTC,2014-03-06 01:36:34 UTC
665609,40.726956,-73.985563,TRUE,"Golden Food Market (118 1st Ave)

Produce stand. At last check (January 2013) we saw no trash at 10:30pm on a Monday",NA,NA,2014-03-06 01:36:35 UTC,2014-03-06 01:36:35 UTC
665610,40.726256,-73.985724,TRUE,"Caravan of Dreams (405 E 6th St)

Vegan restaurant. Not much to be found, but what was there was reported as good. Has not been checked for a while so let us know what you find.",NA,NA,2014-03-06 01:36:35 UTC,2014-03-06 01:36:35 UTC
665611,40.723237,-73.985402,TRUE,"Gracefully (28 Avenue A)

This upscale produce and grocery store has produce and more. In the past we’ve found a lot there, but not lately. Worth checking.",NA,NA,2014-03-06 01:36:35 UTC,2014-03-06 01:36:35 UTC
665612,40.727738,-73.98499,FALSE,"Classic Gourmet Deli (136 1st Ave)

At last check (January 2013), we found produce, flowers and more at this location.  ",NA,NA,2014-03-06 01:36:36 UTC,2014-03-06 01:36:36 UTC
665614,40.725205,-73.987356,FALSE,"Houston Village Farm (61 1st Ave)

Some produce available. ",NA,NA,2014-03-06 01:36:37 UTC,2014-03-06 01:36:37 UTC
665615,40.722238,-73.985871,FALSE,"Union Market (240 E Houston St)

This chronic waster from Brooklyn has come to Manhattan, and brought bags of produce, bread and fancy packaged goods.  ",NA,NA,2014-03-06 01:36:37 UTC,2014-03-06 01:36:37 UTC
665616,40.723012,-74.002635,FALSE,"Gourmet Garage (489 Broome St)

As of December 2012 there were small compost-type dumpsters, empty at 10:30pm. If you’re in that area frequently and know the new pattern please let us know.",NA,NA,2014-03-06 01:36:37 UTC,2014-03-06 01:36:37 UTC
665617,40.724108,-73.997763,FALSE,"Dean & DeLuca (560 Broadway)

Sushi, bread, sandwiches, fancy salads, pastries, etc, plus a bit of produce. Quantity goes up and down but some nights it’s a mountain.",NA,NA,2014-03-06 01:36:38 UTC,2014-03-06 01:36:38 UTC
665618,40.725228,-73.996764,FALSE,Produce stand on the SE corner of Houston and Broadway. Gray barrels have compostable food.,NA,NA,2014-03-06 01:36:38 UTC,2014-03-06 01:36:38 UTC
665619,40.719947,-73.987938,FALSE,"Economy Candy (108 Rivington St)

Candy and nuts.",NA,NA,2014-03-06 01:36:39 UTC,2014-03-06 01:36:39 UTC
665620,40.719207,-73.987575,FALSE,"Essex Street Market (120 Essex St)

Large indoor market; check dumpsters in the afternoon.",NA,NA,2014-03-06 01:36:39 UTC,2014-03-06 01:36:39 UTC
665621,40.716656,-73.997958,FALSE,"Fay Da Bakery (83 Mott St)

Sweet and meaty baked goods.",NA,NA,2014-03-06 01:36:39 UTC,2014-03-06 01:36:39 UTC
665622,40.724555,-73.996501,TRUE,"Housing Works Bookstore Cafe (126 Crosby St)

Clothing and books. Stuff can be pulled out at all hours of the day. Quite well known in NYC. Last time the group was there (December 2012), no dumpster was present - let us know if you still find stuff here.",NA,NA,2014-03-06 01:36:40 UTC,2014-03-06 01:36:40 UTC
665623,40.723121,-73.998916,FALSE,"Cafe Bari (529 Broadway)

Coffee place. On a 2012 trailblaze we found rolls and cupcakes - worth looking again.  ",NA,NA,2014-03-06 01:36:40 UTC,2014-03-06 01:36:40 UTC
665624,40.723139,-73.995458,FALSE,"Soho Garden (40 Prince St)

We found produce, cheese and tofu.",NA,NA,2014-03-06 01:36:41 UTC,2014-03-06 01:36:41 UTC
665625,40.723168,-73.99588,FALSE,"Met Food (251 Mulberry St)

Lots of produce available here, and some other miscellaneous goods.  ",NA,NA,2014-03-06 01:36:41 UTC,2014-03-06 01:36:41 UTC
665626,40.723874,-73.992479,TRUE,"Whole Foods (95 E Houston St)

You can find many vegetables and fruits. The dumpsters are just around the corner at Chrystie St. They take out the trash at around 16:00 every day. The employees are very friendly and would not disturb you as you find your treasures.

NOTE: As of 2011-2012, everything has been behind closed doors, which was not the case in the past. If you find this changes, write it here.",NA,NA,2014-03-06 01:36:41 UTC,2014-03-06 01:43:11 UTC
665627,40.718708,-73.993659,FALSE,"Finest Produce Corporation (119 Chrystie St)

This is a wholesaler. Dumpster with bulk produce; sometimes quite a lot, sometimes very little in good shape.  ",NA,NA,2014-03-06 01:36:42 UTC,2014-03-06 01:36:42 UTC
665628,40.717868,-74.010733,FALSE,"Food Emporium (316 Greenwich St)

Lots of produce, meat, prepared foods, and all manner of other items in chest-high dumpsters in front of the store. Very exposed location, super wide sidewalk. Confirmed 3/5/2012.  ",NA,NA,2014-03-06 01:36:42 UTC,2014-03-06 01:36:42 UTC
665629,40.72065,-74.009926,FALSE,"Wichcraft (397 Greenwich St)

At the end of the night, the restaurant Wichcraft throws away between 10-20 sandwiches which were made earlier in the day. They are all cold sandwiches (goat cheese, chicken salad, chickpea, tuna) and can be eaten or stored for a few days. If you go after closing (around 8:30pm on weekdays and 5:30pm on weekends) they will probably happily give you a bag of sandwiches. There are 10 others around the city. Confirmed 3/5/2012.  ",NA,NA,2014-03-06 01:36:42 UTC,2014-03-06 01:36:42 UTC
665630,40.714942,-74.009506,FALSE,"Le Pain Quotidien (81 W Broadway)

Huge rounds of crusty whole grain sourdough bread that stay moist inside for many days after being tossed. Even on days when the whole loaves aren’t there, you’ll find quarter and half loaves and/or sliced bread. Also some baguettes, croissants, muffins.  ",NA,NA,2014-03-06 01:36:43 UTC,2014-03-06 01:36:43 UTC
665631,40.715552,-74.011336,FALSE,"Whole Foods (270 Greenwhich St)

We’ve only tried there once (3/5/2012) but didn’t find anything. If you find the secret, share it here!",NA,NA,2014-03-06 01:36:43 UTC,2014-03-06 01:36:43 UTC
665632,40.706777,-74.007643,FALSE,"Gristede's (90 Maiden Ln)

Trash is out back on Cedar, between William and Pearl, between Liberato’s pizza and a parking garage))

Standard grocery that is easy to get at. As of Jan 2012, lots of prepared foods on a consistent basis– roast chicken, meat-n-2-veg ready meals, hummus, produce, bread. Plus produce in more limited quantities.  ",NA,NA,2014-03-06 01:36:44 UTC,2014-03-06 01:36:44 UTC
665633,40.707037,-74.009247,FALSE,"Duane Reade (95 Wall St ?)

Trash is out back on Pine near William. Throws out late. As of winter 2012 being used by OWS folks meeting nearby, but check anyway; this serial waster shouldn’t have any good stuff going to landfills or incinerators.",NA,NA,2014-03-06 01:36:44 UTC,2014-03-06 01:36:44 UTC
665634,40.71671,-74.014981,FALSE,"Duane Reade (325 North End Ave)

Worth checking if you’re there late at night.",NA,NA,2014-03-06 01:36:44 UTC,2014-03-06 01:36:44 UTC
665635,40.704936,-74.01138,FALSE,"Duane Reade (67 Broad St)

Worth checking if you’re there late at night.",NA,NA,2014-03-06 01:36:45 UTC,2014-03-06 01:36:45 UTC
665636,40.706224,-74.01312,FALSE,"Duane Reade (37 Broadway)

Worth checking if you’re there late at night.",NA,NA,2014-03-06 01:36:45 UTC,2014-03-06 01:36:45 UTC
665637,40.708159,-74.006351,FALSE,"Jubilee Marketplace (99 John St)

Trash is on an unnamed alley off Gold St between John and Fulton. The night we went, this was daunting - 2 gigantic dumpsters with a high ratio of garbage to food. More exploration would be helpful, as this seems to be a very high end grocery.",NA,NA,2014-03-06 01:36:46 UTC,2014-03-06 01:36:46 UTC
665642,40.710135,-74.00986,FALSE,"Pret à Manger (179 Broadway)

Interesting, since this chain claims they donate all of their food. We found wrapped sandwiches and boxed sushi.",NA,NA,2014-03-06 01:36:48 UTC,2014-03-06 01:36:48 UTC
665643,40.709919,-74.006927,FALSE,"Hale & Hearty Soups (111 Fulton St)

Wrapped sandwiches.",NA,NA,2014-03-06 01:36:48 UTC,2014-03-06 01:36:48 UTC
665644,40.71038,-74.008139,TRUE,"Starbucks (130 Fulton St)

May or may not have referred to this location: ""This is generally hit or miss, but we did find some usable stuff, wholesale-size bottles of their drink mixes. Other times one can find sandwiches, salads, etc at this chain.""",NA,NA,2014-03-06 01:36:48 UTC,2014-03-06 01:36:48 UTC
665645,40.708306,-74.007377,TRUE,"Starbucks (100 William St)

May or may not have referred to this location: ""This is generally hit or miss, but we did find some usable stuff, wholesale-size bottles of their drink mixes. Other times one can find sandwiches, salads, etc at this chain.""",NA,NA,2014-03-06 01:36:49 UTC,2014-03-06 01:36:49 UTC
665646,40.708815,-74.009522,TRUE,"Starbucks (55 Liberty St)

May or may not have referred to this location: ""This is generally hit or miss, but we did find some usable stuff, wholesale-size bottles of their drink mixes. Other times one can find sandwiches, salads, etc at this chain.""",NA,NA,2014-03-06 01:36:49 UTC,2014-03-06 01:36:49 UTC
665647,40.706958,-74.007149,FALSE,"Dunkin' Donuts (100 Maiden Ln)

Just about every outlet in this chain throws out donuts, bagels and other baked/fried goods. This one was no exception. If you are starving in NYC, just look around for a Dunkin D, the calories are there.",NA,NA,2014-03-06 01:36:50 UTC,2014-03-06 01:36:50 UTC
665648,40.708554,-74.007632,TRUE,"Zeytuna (59 Maiden Ln)

May have stuff; let us know if you figure it out.",NA,NA,2014-03-06 01:36:50 UTC,2014-03-06 01:36:50 UTC
665649,40.708596,-74.004604,TRUE,"""Key Food on Fulton"" maybe refers to the ""55 Fulton Market"" at this location? Very small, with unfindable trash.",NA,NA,2014-03-06 01:36:50 UTC,2014-03-06 01:36:50 UTC
665650,40.710931,-74.000243,FALSE,"C-Town (5 St James Pl)

Trash kept behind locked gate.",NA,NA,2014-03-06 01:36:51 UTC,2014-03-06 01:36:51 UTC
665651,40.759461,-73.993204,FALSE,"Little Pie Company (424 West 43d St)

We found... little pies! Lots of them. Mostly meaty or eggy, like pot pies and quiche, all in perfect condition and individually shrink-wrapped. Locals were happy to take them. Also raw pie dough and flour, unpackaged, a bit messy but worthwhile for the adventurous freegan chef.",NA,NA,2014-03-06 01:36:51 UTC,2014-03-06 01:36:51 UTC
665652,40.748314,-74.008067,TRUE,"Chelsea Piers

On the west side of the highway at 20th St, there are a lot of TV and film productions at the Silver Screen Studios building, which means a lot of catered food thrown out.  Some other stuff, too. Come late at night and look for the dumpsters facing the bike path. Location on map is approximate.",NA,NA,2014-03-06 01:36:51 UTC,2014-03-06 01:36:51 UTC
665653,40.734037,-74.002289,FALSE,"Gourmet Garage (117 7th Ave S)

Perhaps the neighbors complained, because the dumpsters that used to sit outside this yuppie store are no longer there. If you notice the situation change, update this description!",NA,NA,2014-03-06 01:36:52 UTC,2014-03-06 01:36:52 UTC
665654,40.730183,-73.986296,FALSE,"Black Hound (170 2nd Ave)

Decadent desserts.",NA,NA,2014-03-06 01:36:52 UTC,2014-03-06 01:36:52 UTC
665655,40.723873,-74.000765,FALSE,"Vosges Haut-Chocolat (132 Spring St)

Throws out sample truffles. Usually only around 5-10 a night, but still really fancy tasty goods. Trash is out around 8:30pm, pickup is early but usually not before 9pm.",NA,NA,2014-03-06 01:36:52 UTC,2014-03-06 01:36:52 UTC
665656,40.707069,-73.939896,FALSE,"Khim's Millenium Market (260 Bushwick Ave)

Puts their stuff in a few bags on the curb next to a compost bin.You can almost always count on some good packaged food and a little produce. Every night except Saturday after around 9pm. Picked up after midnight.",mojoy,NA,2014-03-06 02:42:22 UTC,2014-03-06 02:42:22 UTC
665657,40.712554,-73.94395,TRUE,"Khim's Millenium Market (294 Graham Ave)

A little Khim's with a compost bin for produce. Haven't seen the garbage put out yet, but I'm sure if you see bags, there's something good in them. Please update with times if you find something.",Andrea,NA,2014-03-06 02:42:23 UTC,2014-03-06 02:42:23 UTC
665658,40.714711,-73.960708,FALSE,"Khim's Millenium Market (265 Bedford Ave)

One of the most popular salvaging sites, it is highly probable someone else will check this dumpster before or after you, so please, keep it neat and DON'T TEAR OPEN BAGS! The dumpster is tucked inside a gap in the fence, sometimes it's outside when there's cardboard put out. You will almost always find something amazing here! It's unbelievable what they throw out. I've found 40 jars of organic peanut butter, cases of chocolate, juice, Cliff Bars, avocados, cookies, honey, you name it! Especially likely are those vegan macrobiotic prepared meals and sandwiches. They put stuff out after 9pm and it doesn't get picked up until like 5am, so take your time and don't leave a mess. The ""landlord"" lives above the store and he can be a jerk so just ignore him.",mojoy,NA,2014-03-06 02:42:23 UTC,2014-03-06 02:42:23 UTC
665659,40.711388,-73.948372,FALSE,"Key Food (575 Grand Street)

This Key Food has a lot of organic stuff, so it's worth checking out. Dumpsters are in the parking lot, but sometimes the gates are closed later at night. I've found lots of great stuff here, even Hoegarden beer!",mojoy,NA,2014-03-06 02:42:24 UTC,2014-03-06 02:42:24 UTC
665660,40.696868,-73.934837,TRUE,"Mr. Kiwi's (957 Broadway)

This place is a haven of organic goodness in the middle of an otherwise deprived neighborhood. Please support Mr. Kiwi with your dollars and foodstamps! Haven't seen their trash put out yet, but I'm sure once it's found, it will yield some treasures.",mojoy,NA,2014-03-06 02:42:24 UTC,2014-03-06 02:42:24 UTC
665661,40.705528,-73.933716,FALSE,"Brooklyn's Natural (49 Bogart St)

Not sure of the schedule yet, but worth taking a look whenever you pass by at night. There will be a row of small dumpsters here along Seigel St.",mojoy,NA,2014-03-06 02:42:25 UTC,2014-03-06 02:42:25 UTC
665663,40.703092,-73.982824,FALSE,"Damascus Bakery (56 Gold St)

I haven't been here too often but the times I have I've found a lot of pita bread, some in trash bags and others in the kind of bags you'll see on a supermarket shelf. The dumpsters are in a fenced pen that's unlocked, just open the door and walk in.",Andrea,NA,2014-03-06 02:42:25 UTC,2014-03-06 02:42:25 UTC
805070,40.764365,-73.96477,FALSE,"Food Emporium, 1066 3rd Avenue, New York, NY",rgrinstein,NA,2014-10-07 09:00:06 UTC,2016-12-05 06:13:17 UTC
1756028,40.79071,-73.96951,FALSE,"Trader Joes location. passed by around midnight. Many white bags in front of entrance contained meat and poultry; other items included hummus, thawed frozen food;",NA,NA,2018-12-18 16:40:30 UTC,2018-12-18 16:40:30 UTC